b_num,b_title,b_text,b_image,b_sdate,b_udate,b_ddate,b_views,b_nickname
,행복동 사람들 1,《원미동 사람들》은 대한민국의 소설가 ,,23년 8월 12일 14시 17분,,,,1차선다리
,행복동 사람들 2,《원미동 사람들》은 대한민국의 소설가 ,,23년 8월 12일 14시 18분,,,,2차선다리
,행복동 사람들 3,《원미동 사람들》은 대한민국의 소설가 ,,23년 8월 12일 14시 19분,,,,3차선다리
,행복동 사람들 4,《원미동 사람들》은 대한민국의 소설가 ,,23년 8월 12일 14시 20분,,,,4차선다리
,행복동 사람들 5,《원미동 사람들》은 대한민국의 소설가 ,,23년 8월 12일 14시 21분,,,,5차선다리
,행복동 사람들 6,《원미동 사람들》은 대한민국의 소설가 ,,23년 8월 12일 14시 22분,,,,5차선다리
,행복동 사람들 7,《원미동 사람들》은 대한민국의 소설가 ,,23년 8월 12일 14시 23분,,,,5차선다리
,행복동 사람들 8,《원미동 사람들》은 대한민국의 소설가 ,,23년 8월 12일 14시 24분,,,,5차선다리
,행복동 사람들 9,《원미동 사람들》은 대한민국의 소설가 ,,23년 8월 12일 14시 25분,,,,5차선다리
,행복동 사람들 10,《원미동 사람들》은 대한민국의 소설가 ,,23년 8월 12일 14시 26분,,,,5차선다리
,행복동 사람들 11,《원미동 사람들》은 대한민국의 소설가 ,,23년 8월 12일 14시 27분,,,,5차선다리
,행복동 사람들 12,《원미동 사람들》은 대한민국의 소설가 ,,23년 8월 12일 14시 28분,,,,5차선다리
,행복동 사람들 13,《원미동 사람들》은 대한민국의 소설가 ,,23년 8월 12일 14시 29분,,,,5차선다리
,행복동 사람들 14,《원미동 사람들》은 대한민국의 소설가 ,,23년 8월 12일 14시 30분,,,,5차선다리
,행복동 사람들 15,《원미동 사람들》은 대한민국의 소설가 ,,23년 8월 12일 14시 31분,,,,5차선다리
,행복동 사람들 16,《원미동 사람들》은 대한민국의 소설가 ,,23년 8월 12일 14시 32분,,,,5차선다리
,행복동 사람들 17,《원미동 사람들》은 대한민국의 소설가 ,,23년 8월 12일 14시 33분,,,,5차선다리
,행복동 사람들 18,《원미동 사람들》은 대한민국의 소설가 ,,23년 8월 12일 14시 34분,,,,5차선다리
,행복동 사람들 19,《원미동 사람들》은 대한민국의 소설가 ,,23년 8월 12일 14시 35분,,,,5차선다리
,행복동 사람들 20,《원미동 사람들》은 대한민국의 소설가 ,,23년 8월 12일 14시 36분,,,,5차선다리
,행복동 사람들 21,《원미동 사람들》은 대한민국의 소설가 ,,23년 8월 12일 14시 37분,,,,5차선다리
,행복동 사람들 22,《원미동 사람들》은 대한민국의 소설가 ,,23년 8월 12일 14시 38분,,,,5차선다리
,행복동 사람들 23,《원미동 사람들》은 대한민국의 소설가 ,,23년 8월 12일 14시 39분,,,,5차선다리
,행복동 사람들 24,《원미동 사람들》은 대한민국의 소설가 ,,23년 8월 12일 14시 40분,,,,5차선다리
,행복동 사람들 25,《원미동 사람들》은 대한민국의 소설가 ,,23년 8월 12일 14시 41분,,,,5차선다리
